<?xml version="1.0" encoding="UTF-8"?>
<!DOCTYPE configuration
        PUBLIC "-//mybatis.org//DTD Config 3.0//EN"
        "http://mybatis.org/dtd/mybatis-3-config.dtd">
<configuration>
<!--    配置环境-->
    <environments default="mysql">
        <environment id="mysql">
<!--            配置mysql环境，配置事务类型-->
            <transactionManager type="JDBC"></transactionManager>
<!--            配置链接池-->
            <dataSource type="POOLED">
                <property name="driver" value="com.mysql.cj.jdbc.Driver"/>
                <property name="url" value="jdbc:mysql://localhost:3306/mybatis?serverTimezone=UTC"/>
                <property name="username" value="root"/>
                <property name="password" value="biubiu123"/>
            </dataSource>
        </environment>
    </environments>
<!--    指定映射文件的位置，映射文件即每个dao独立的配置文件-->
    <mappers>
        <mapper resource="com/idea/Dao/UserDao.xml"/>
    </mappers>
</configuration>